step,price,action,position,balance,portfolio_value
0,0.09059,7,0.0,10000.0,10000.0
2,0.08969,3,33448.544988293004,7000.0,10000.0
3,0.09048,3,56658.09405991104,4900.0,10026.42435054075
4,0.09042,4,78334.71427667724,2940.0,10023.024864897157
5,0.09012,4,91383.98191981972,1764.0,9999.524450614153
6,0.09029,4,99198.80083664329,1058.4,10015.059727540522
11,0.09106,7,69439.1605856503,3768.3128412554215,10091.442804184739
19,0.0911,1,73575.61815014582,3391.4815571298795,10094.220370608164
20,0.09137,5,66218.05633513123,4063.741980167762,10114.085787508702
23,0.08244,7,46352.63943459187,5701.446949448227,9522.758544435981
25,0.08201,4,74161.18448738166,3420.8681696689364,9502.826909479107
26,0.08209,4,90830.051193041,2052.520901801362,9508.759804238096
27,0.08225,8,54498.0307158246,5040.82958605241,9523.292612428984
28,0.08262,7,38148.62150107722,6391.617775374839,9543.456883793839
52,0.07831,4,70796.39458433524,3834.9706652249033,9379.036325124196
53,0.07909,7,49557.47620903467,5514.756719527425,9434.257512899978
54,0.08112,7,34690.23334632427,6720.787460550493,9534.859189604318
59,0.07828,7,24283.16334242699,7535.4529004555725,9436.338926900757
62,0.07986,4,62026.47864648696,4521.271740273343,9474.706324981791
63,0.07864,4,85023.79166924048,2712.763044164006,9399.034021033078
64,0.07912,7,59516.65416846834,4730.887763225098,9439.845441034313
70,0.08599,7,41661.657917927834,6266.238890809076,9848.724855171691
71,0.08494,7,29163.160542549485,7327.861257873713,9804.980114357866
81,0.08079,7,20414.21237978464,8034.688779943484,9683.952998106286
82,0.0802,7,14289.948665849248,8525.854729801104,9671.908612802214
91,0.08003,4,56903.242329730805,5115.512837880662,9669.47932152902
92,0.08118,5,51212.91809675773,5577.453359113417,9734.918050208209
100,0.08161,7,35849.042667730406,6831.299232876336,9756.939604989813
103,0.08134,7,25094.329867411285,7706.087572054293,9747.260363469526
104,0.08122,7,17566.030907187902,8317.536013603636,9744.249043885437
105,0.08044,7,12296.221635031532,8741.439471455895,9730.547539777832
110,0.08024,7,8607.355144522073,9037.434118654373,9728.088295450825
117,0.07812,3,43313.32334211952,6326.203883058061,9709.840702544438
123,0.07924,7,30319.32633948366,7355.848205546927,9758.351624687612
129,0.08583,3,56030.08553398533,5149.093743882849,9958.15598526481
130,0.08692,4,79725.86898489582,3089.4562463297093,10019.228778496854
131,0.08719,7,55808.10828942707,5174.845801367629,10040.754763122775
132,0.08641,8,33484.864973656244,7103.797256283387,9997.224438657024
158,0.07812,7,23439.40548155937,7888.548551805994,9719.634908025411
165,0.0794,7,16407.58383709156,8446.875190376739,9749.63734704181
174,0.07857,1,27158.34772964182,7602.187671339065,9736.019052457023
181,0.08135,4,64538.496082876314,4561.3126028034385,9811.519259145427
182,0.08162,4,86892.39269058735,2736.787561682063,9828.944653087801
183,0.08144,8,52135.43561435241,5567.394145970637,9813.304022403496
213,0.07864,7,36494.80493004669,6797.373342984439,9667.32480268331
231,0.07838,7,25546.36345103268,7655.512186109557,9657.836153401498
237,0.07987,3,54301.26085722859,5358.85853027669,9695.900234943536
238,0.07988,4,81135.80532531417,3215.3151181660137,9696.44324755211
248,0.08186,7,56795.06372771992,5207.848225345079,9857.092142096233
266,0.0818,3,75894.75159573366,3645.493757741556,9853.684438272569
272,0.08111,7,53126.32611701357,5492.2407483205425,9801.317059671514
273,0.08175,5,47813.69350531221,5926.548464327128,9835.317908386402
278,0.08715,3,68214.89303827994,4148.58392502899,10093.511853315087
279,0.08555,3,82762.82030313906,2904.008747520293,9984.36802445384
280,0.08579,4,96302.90072053173,1742.4052485121758,10004.231101326593
281,0.08505,7,67412.03050437222,4199.573760396543,9932.966954793399
290,0.0851,7,47188.42135306055,5920.6028991731655,9936.337556318618
291,0.08518,8,28313.05281183633,7528.406791514644,9940.112630026862
296,0.08349,7,19819.13696828543,8237.56382529271,9892.26357077486
297,0.08385,7,13873.395877799801,8736.11421572993,9899.398460083443
309,0.08749,3,43829.21099631596,6115.279951010951,9949.897621078635
310,0.08739,4,71819.96486294121,3669.16797060657,9945.514699979003
320,0.08391,7,50273.975404058845,5477.091946101389,9695.581222255967
321,0.08507,7,35191.78278284119,6760.134072388375,9753.899033724676
326,0.08392,7,24634.247947988835,7646.122395729185,9713.428483524407
327,0.08361,7,17243.973563592186,8264.023237008589,9705.791866660531
332,0.08521,7,12070.78149451453,8704.830933214696,9733.38222436228
333,0.08509,7,8449.54704616017,9012.96177242517,9731.933730582938
344,0.08559,7,5914.68293231212,9229.920791929424,9736.158504106019
351,0.09179,4,46136.5841935799,5537.952475157654,9772.829538286353
356,0.09453,4,69570.21362405765,3322.771485094592,9899.243778976761
357,0.09686,7,48699.149536840356,5344.342752582459,10061.342376720815
362,0.12421,4,65909.81776832722,3206.605651549475,11393.264116553399
363,0.12808,4,75924.20143962477,1923.963390929685,11648.335111316825
375,0.1468,3,79856.0067344402,1346.7743736507796,13069.636162266603
376,0.14138,7,55899.20471410814,4733.787043285327,12636.816605765936
387,0.16375,3,64571.79166363851,3313.650930299729,13887.281815220536
400,0.16819,7,45200.25416454696,6571.749822271937,14173.980570207092
410,0.16817,7,31640.177915182874,8852.147845127496,14173.0765651238
423,0.17606,7,22148.124540628014,10523.318762251625,14422.717568874594
424,0.17308,7,15503.68717843961,11673.337980899194,14356.716157743522
441,0.17227,7,10852.581024907726,12474.584037968132,14344.158171128985
449,0.1728,3,32509.844979713507,8732.208826577693,14349.910039072187
450,0.16979,4,53081.63089543927,5239.325295946615,14252.05540568325
451,0.17719,5,47773.46780589534,6179.878713782904,14644.8594743095
452,0.16684,7,33441.42746412674,8571.036324403578,14150.404082518482
465,0.14094,7,23408.99922488872,9985.006760441785,13284.271111197602
466,0.14871,7,16386.299457422105,11029.352442861746,13466.159035174987
476,0.13548,7,11470.409620195474,11695.35719800921,13249.368293353293
480,0.13432,3,37591.66601836971,8186.750038606447,13236.062618193866
481,0.12881,7,26314.1662128588,9639.404788554308,13028.93253843265
489,0.15382,3,45114.20155654813,6747.583351988016,13687.049835416248
495,0.16324,7,31579.94108958369,8956.916030615292,14112.025614078933
500,0.15865,7,22105.958762708586,10459.963326774028,13967.073684477746
512,0.17253,7,15474.17113389601,11604.145646373061,14273.90439210414
524,0.18423,7,10831.919793727207,12459.387610772359,14454.952194370722
535,0.22001,7,7582.343855609046,13174.326812917736,14842.518284590282
536,0.218,5,6824.109470048141,13339.621908970013,14827.277773440508
548,0.20154,7,4776.876629033699,13752.221215748064,14714.952931563515
560,0.18865,7,3343.8136403235894,14022.568548568226,14653.37899181527
580,0.16907,7,2340.6695482265127,14192.17012021908,14587.907120737736
584,0.18088,7,1638.4686837585589,14319.184212584043,14615.550428102291
589,0.18577,7,1146.9280786309912,14410.49771079859,14623.56253996587
590,0.19562,7,802.8496550416938,14477.80633202113,14634.859781540386
595,0.19887,7,561.9947585291857,14525.705145290573,14637.469042919272
602,0.19927,7,393.39633097043,14559.301753950205,14637.693840822683
608,0.18825,7,275.37743167930097,14581.51881174176,14633.358613255388
614,0.19704,3,22476.22824127394,10207.063168219232,14635.77918087985
615,0.20091,7,15733.359768891758,11561.772873005537,14722.76218417358
616,0.19408,7,11013.351838224231,12477.83201218949,14615.303336952049
626,0.17301,4,39862.16291779071,7486.6992073136935,14383.252013720663
627,0.1712,4,57354.45078534607,4492.019524388215,14311.101498839462
628,0.17123,8,34412.67047120764,8420.340567578138,14312.82213236302
633,0.15871,4,55634.62388958868,5052.204340546883,13881.9754980635
634,0.15227,4,68906.32373997782,3031.3226043281297,13523.688520214551
635,0.1511,8,41343.79424398669,7196.02081117239,13443.068121438779
645,0.15729,7,28940.655970790685,9146.910430163389,13698.986207809055
656,0.14946,7,20258.45917955348,10444.551562581702,13472.380871557765
657,0.14252,7,14180.921425687437,11310.722243262691,13331.787164851665
662,0.1458,7,9926.644997981206,11930.99574642226,13378.30058712792
675,0.1631,7,6948.651498586844,12416.706486173482,13550.031545592996
683,0.15854,7,4864.056049010791,12747.19824874927,13518.34569475944
692,0.16275,7,3404.839234307554,12984.68578534222,13538.823370725775
698,0.15067,7,2383.3874640152876,13138.587923572157,13497.692912775341
699,0.1501,5,2145.048717613759,13174.362569407027,13496.334381920853
710,0.14656,7,1501.5341023296314,13268.67607142307,13488.740909460501
726,0.14105,3,29722.75226203839,9288.073249996149,13480.467456556664
727,0.14342,4,55627.293469669545,5572.8439499976885,13550.910379417695
734,0.13222,3,68271.7737676525,3900.990764998382,12927.884692557396
740,0.12622,3,77543.65801341002,2730.6935354988673,12518.25404995148
741,0.12691,7,54280.560609387016,5683.013227043427,12571.759173980732
752,0.14939,7,37996.392426570914,8115.705111874325,13791.986176479753
757,0.16012,4,58270.44966332916,4869.423067124595,14199.68746721686
758,0.15833,7,40789.31476433041,7637.211155683066,14095.383362319499
759,0.16172,5,36710.38328789737,8296.855954051818,14233.659139370582
769,0.15648,7,25697.26830152816,10020.188187118873,14041.296730941998
770,0.15489,7,17988.087811069712,11214.263153285981,14000.438074342568
771,0.15602,7,12591.6614677488,12056.21359137091,14020.764613569077
789,0.15238,7,8814.16302742416,12631.828803707578,13974.930965826472
794,0.14394,7,6169.914119196912,13012.441991557807,13900.53942987501
795,0.14451,7,4318.939883437839,13279.926278367351,13904.056280922954
805,0.14123,7,3023.257918406487,13462.91544228873,13889.890158105278
806,0.13742,7,2116.280542884541,13587.552273232955,13878.371545436148
811,0.14864,4,38681.27589604104,8152.531363939773,13902.116213127312
812,0.15,4,60421.35953321378,4891.518818363864,13954.72274834593
813,0.15237,7,42294.95167324964,7653.439583986599,14097.921370439646
818,0.14641,7,29606.466171274747,9511.160746330743,13845.84345846708
819,0.14949,5,26645.819554147274,9953.747809125129,13937.031374274606
824,0.15764,7,18652.073687903092,11213.881907479861,14154.194803640905
825,0.15614,5,16786.86631911278,11505.11538604278,14126.21669310905
837,0.15455,7,11750.806423378948,12283.438442928444,14099.52557566166
848,0.1509,7,8225.564496365263,12815.397449714808,14056.635132216326
855,0.16403,4,39476.91473647941,7689.238469828884,14164.636794053604
856,0.16466,4,58155.983046521644,4613.543081897331,14189.507250337585
857,0.16618,7,40709.18813256515,7512.851460698621,14277.904344568298
872,0.15962,7,28496.431692795602,9462.251643614636,14010.85207041867
873,0.15847,7,19947.502184956924,10817.000502721832,13978.081173971956
874,0.16333,7,13963.251529469846,11794.408162282536,14075.026034590846
876,0.16553,4,42464.207639619155,7076.6448973695215,14105.74518795568
878,0.1641,7,29724.94534773341,9167.157839467973,14045.021371031025
896,0.16531,7,20807.461743413387,10641.307054098115,14080.988554901782
902,0.16985,7,14565.22322038937,11701.551267233745,14175.45443121688
914,0.16023,7,10195.656254272559,12401.686982214642,14035.336983836734
920,0.15948,7,7136.959377990792,12889.487960044058,14027.690241646029
921,0.15902,7,4995.8715645935545,13229.963744130488,14024.407240332155
938,0.15941,7,3497.1100952154884,13468.881309964045,14026.355630242346
950,0.16251,7,2447.977066650842,13639.375918436086,14037.196671537515
956,0.16099,4,36336.73020271168,8183.625551061651,14033.475746396205
957,0.16097,7,25435.71114189818,9938.362589280801,14032.749011792152
962,0.14869,4,52171.50397068506,5963.017553568481,13720.39847896964
963,0.14834,4,68250.82863987336,3577.8105321410885,13702.138452579904
964,0.14557,8,40950.49718392402,7551.919782183635,13513.083657247455
974,0.14596,7,28665.348028746812,9345.0601528733,13529.054351149185
980,0.14217,7,20065.74362012277,10567.66591164738,13420.412682120234
982,0.1412,3,42518.29159104497,7397.366138153166,13400.948910808715
983,0.1368,7,29762.80411373148,9142.316825049651,13213.868427808118
985,0.13806,3,49628.768531483875,6399.621777534756,13251.36956099142
986,0.13884,4,68066.16921582486,3839.7730665208533,13290.080000445976
987,0.14001,5,61259.55229424238,4792.767501711617,13369.717418428492
992,0.14283,7,42881.68660596966,7417.678057967609,13542.469355898256
993,0.14397,7,30017.180624178764,9269.780984166044,13591.354478629059
994,0.14347,8,18010.308374507258,10992.406945826415,13576.345888316971
1004,0.13575,4,50400.45775447459,6595.444167495849,13437.306307665775
1005,0.13631,7,35280.32042813221,8656.470086449579,13465.53056400828
1006,0.13683,7,24696.22429969255,10104.691959703978,13483.876330630908
1021,0.12879,3,48233.82495122756,7073.284371792784,13285.31868726138
1022,0.1218,7,33763.67746585929,8835.74833551064,12948.164250852302
1024,0.12053,4,63086.662068898004,5301.449001306384,12905.28438047066
1025,0.1194,7,44160.6634482286,7561.2132366143105,12833.996452332805
1040,0.12392,7,30912.464413760023,9202.930060965657,13033.6026511188
1041,0.1235,7,21638.72508963202,10348.236867495465,13020.61941606502
1046,0.12427,7,15147.107562742414,11154.950177562036,13037.281234384036
1047,0.12403,7,10602.975293919691,11718.558902864119,13033.645928568978
1061,0.11698,4,50673.27415821827,7031.135341718471,12958.894952746843
1062,0.11578,4,74964.63826849111,4218.681205031082,12898.087023756982
1063,0.11902,1,78509.15280809041,3796.813084527974,13140.972451746895
1082,0.12661,7,54956.40696566329,6778.826235637672,13736.856921560302
1098,0.12376,7,38469.48487596431,8819.247713458819,13580.231161708161
1112,0.12241,7,26928.639413175013,10231.962606558856,13528.29735712561
1117,0.11849,3,52834.52836555628,7162.373824591199,13422.737090625964
1118,0.11546,7,36984.1698558894,8992.456218117337,13262.648469678326
1123,0.10502,3,62672.00898591416,6294.719352682136,12876.53373638284
1126,0.09985,4,87888.71145033935,3776.831611609281,12552.519449925665
1127,0.10345,4,102492.21695680346,2266.0989669655683,12868.918811146887
1128,0.10429,5,92242.99526112311,3334.990297608071,12955.0122733906
1147,0.10758,7,64570.096682786185,6312.040726665558,13258.491727799696
1160,0.10739,7,45199.06767795033,8392.295531494881,13246.223409429967
1166,0.10616,7,31639.34737456523,9831.795438902243,13190.628556186088
1179,0.11356,4,66270.53948059637,5899.077263341345,13424.75972675787
1180,0.11282,4,87185.54484610372,3539.4463580048073,13375.71952754223
1181,0.11276,1,90324.4649933233,3185.5017222043266,13370.488394851462
1196,0.12552,7,63227.12549532631,6586.7597759929085,14523.028568166268
1203,0.12154,7,44258.987846728414,8892.147225803496,14271.384608694867
1208,0.12088,7,30981.29149270989,10497.155161077255,14242.173676716026
1214,0.12539,7,21686.904044896924,11662.578403158523,14381.899301348149
1215,0.12745,7,15180.832831427848,12491.777179315157,14426.574323680636
1220,0.13219,7,10626.582981999494,13093.803466911091,14498.531471301605
1221,0.13095,5,9563.924683799545,13232.958571060375,14485.354508403925
1227,0.13702,4,48194.66055027269,7939.775142636225,14543.407531234589
1228,0.13872,4,71089.05254172662,4763.865085581734,14625.33845417005
1229,0.13977,7,49762.336779208636,7744.7001477088725,14699.981959338864
1234,0.13458,7,34833.635745446045,9753.804732832643,14441.715431454772
1238,0.13128,7,24383.54502181223,11125.69264303129,14326.7644334948
1246,0.12429,4,60189.13724333058,6675.415585818774,14156.32345379233
1253,0.13019,7,42132.39607033141,9026.222719131536,14511.439363527981
1262,0.12955,4,70001.86027451986,5415.733631478921,14484.474630042969
1263,0.13051,7,49001.3021921639,8156.516466807197,14551.676415906506
1264,0.13086,7,34300.91153451473,10080.209588267167,14568.826871673766
1287,0.1204,7,24010.638074160313,11319.158512893839,14210.03933702274
1292,0.11777,3,52844.361041538694,7923.410959025687,14146.891358887699
1293,0.11634,7,36991.052729077084,9767.78484809747,14071.323922598298
1294,0.1172,5,33291.94745616938,10201.319986082253,14103.136227945304
1298,0.1127,7,23304.363219318566,11326.92072957534,13953.322464392542
1300,0.11292,7,16313.054253522996,12116.379337992976,13958.449424300792
1312,0.0846,3,59278.93843080306,8481.465536595082,13496.46372784102
1313,0.09526,4,94892.90247277275,5088.879321957049,14128.377211513382
1314,0.09388,4,116575.3878667099,3053.327593174229,13997.425006100955
1315,0.09436,7,81602.77150669694,6353.343672905054,14053.381192276976
1351,0.10059,4,106867.08673844981,3812.006203743032,14561.7664587637
1358,0.10476,7,74806.96071691487,7170.625005759033,15007.402210463035
1370,0.1027,7,52364.87250184041,9475.427465447181,14853.29987138619
1371,0.10261,8,31418.923501104244,11624.69129241272,14848.587032861025
1377,0.10172,4,77131.43349879484,6974.814775447631,14820.624190945044
1378,0.10093,5,69418.29014891536,7753.302333750968,14759.690358480995
1399,0.10133,7,48592.80310424075,9863.548935987845,14787.457674540561
1413,0.10593,5,43733.52279381668,10378.292499271067,15010.984568820068
1421,0.10989,7,30613.465955671676,11820.055545214822,15184.169319083583
1423,0.11293,4,72480.30575099558,7092.033327128893,15277.234255588824
1424,0.1126,4,97674.02982605381,4255.219996277336,15253.315754690995
1425,0.11239,1,101460.14958428616,3829.697996649602,15232.804208427524
1426,0.11219,7,71022.10470900031,7244.54225120792,15212.512178510664
1431,0.10838,7,49715.47329630022,9553.754963716357,14941.917959569375
1443,0.10605,7,34800.83130741015,11135.452746638148,14826.080906788995
1449,0.09808,3,68861.14762053662,7794.8169226467035,14548.718281268935
1450,0.10077,4,99802.16944308978,4676.890153588021,14733.954768368178
1462,0.10131,7,69861.51861016285,7710.177489471849,14787.847939867446
1467,0.10111,5,62875.36674914656,8416.547304139205,14773.875636145414
1468,0.10125,8,37725.220049487936,10962.99965747964,14782.678187490295
1478,0.09522,3,72265.23157273822,7674.099760235748,14555.195110591882
1479,0.09453,3,96619.72144971616,5371.8698321650245,14505.332100806694
1480,0.0973,3,113182.52668763505,3760.3088825155173,14772.968729222408
1492,0.09556,3,124987.59852474948,2632.2162177608625,14576.031132785924
1493,0.09854,4,135672.46240849563,1579.3297306565175,14948.494176389679
1502,0.0988,7,94970.72368594694,5600.661516444328,14983.769016615886
1503,0.09743,7,66479.50658016285,8376.560799060871,14853.659125166138
1508,0.09206,4,102875.59955891962,5025.936479436523,14496.664174830665
1509,0.09402,7,72012.91969124373,7927.6456405954095,14698.300349966146
1510,0.09449,7,50409.04378387061,9968.995875083096,14732.14642222103
1526,0.10251,4,89308.64723751649,5981.397525049857,15136.426953367672
1527,0.10374,4,112371.6799155572,3588.838515029914,15246.276589469817
1528,0.1037,8,67423.00794933431,8250.015797927226,15241.781722273194
1538,0.10229,7,47196.10556453402,10319.025642868448,15146.715281064633
1544,0.10189,7,33037.273895173814,11761.669001659558,15127.836838838819
1549,0.10696,3,66026.24828277541,8233.168301161691,15295.33581748735
1550,0.10712,7,46218.37379794279,10354.987815976961,15305.900017212593
1551,0.10671,7,32352.861658559952,11834.576616370505,15286.950483955437
1556,0.10569,7,22647.003160991968,12860.388800978466,15253.950565063707
1564,0.10163,3,60609.38277619948,9002.272160684926,15162.00373223008
1565,0.0999,7,42426.56794333964,10818.735362487625,15057.149500027255
1574,0.10111,7,29698.597560337752,12105.660447912946,15108.485647238696
1575,0.10158,7,20789.018292236426,13010.695509966677,15122.443988092054
1583,0.105,1,33180.15687315707,11709.62595897001,15193.542430651501
1587,0.10666,7,23226.10981120995,12771.32461859729,15248.621491060943
1592,0.10489,7,16258.276867846966,13502.180616026633,15207.511276695102
1598,0.10805,7,11380.793807492875,14029.192660697892,15258.887431597497
1628,0.11867,1,23202.815093999903,12626.273394628102,15379.751461833072
1634,0.12622,7,16241.970565799933,13504.871190977503,15554.932715792771
1640,0.12943,7,11369.379396059954,14135.53066607695,15607.06944130899
1641,0.12592,8,6821.627637635972,14708.183567497697,15567.16291962882
1658,0.10836,4,61115.40234231556,8824.910140498618,15447.37513831193
1659,0.10848,7,42780.781639620895,10813.849794326936,15454.70898659301
1660,0.10628,8,25668.468983772535,12632.5463833905,15360.591266985844
1665,0.10466,7,17967.928288640775,13438.48497254299,15319.008347232135
1670,0.10639,7,12577.549802048543,14011.967339731538,15350.092863171483
1671,0.10802,7,8804.28486143398,14419.555418616723,15370.594269348821
1676,0.10789,7,6162.999403003786,14704.523706726757,15369.449712316835
1677,0.10875,8,3697.7996418022713,14972.614180757422,15374.74989180342
1688,0.11393,7,2588.45974926159,15099.001274714583,15393.904493947955
1706,0.10791,7,1811.921824483113,15182.797482177428,15378.321966257401
1707,0.10727,8,1087.1530946898677,15260.54342382235,15377.162336289732
1713,0.10774,7,761.0071662829073,15295.682386148916,15377.673298244235
1720,0.11135,7,532.7050163980351,15321.103830538596,15380.420534114517
1742,0.11657,7,372.8935114786246,15339.733057667052,15383.201254300115
1747,0.12573,7,261.0254580350372,15353.798228026515,15386.616958865261
1748,0.12513,7,182.71782062452604,15363.596862695693,15386.46034359044
1756,0.13341,3,34730.9455307565,10754.517803886985,15387.97324714521
1757,0.13766,7,24311.661871529548,12188.836392416168,15535.579765650926
1763,0.14389,7,17018.163310070682,13238.297900424484,15687.041419110556
1772,0.14538,7,11912.714317049478,13980.528075029908,15712.39848244256
1778,0.14476,7,8338.900021934634,14497.873432390732,15705.01259956599
1791,0.13836,7,5837.230015354244,14844.004494501194,15651.643639425607
1796,0.13986,7,4086.0610107479706,15088.922991485428,15660.399484448639
1803,0.1344,3,37766.692688170806,10562.2460940398,15638.089591329956
1804,0.13509,5,33990.023419353725,11072.4363455643,15664.148609284795
1805,0.13354,7,23793.01639354761,12434.144663790448,15611.464072984796
1815,0.14344,4,58467.150983035746,7460.486798274269,15847.014935280917
1816,0.14565,4,78955.95784407048,4476.292078964561,15976.227338953428
1821,0.16475,3,87107.02081031854,3133.404455275193,17484.286133775175
1822,0.16662,5,78396.3187292867,4584.781636016721,17647.176262690467
1844,0.16136,7,54877.42311050069,8379.79063306403,17234.81162617442
1863,0.16773,1,59873.42301097409,7541.811569757628,17584.38081138831
1870,0.20226,3,71059.73503968609,5279.26809883034,19651.810107957248
1871,0.19168,4,82076.57163991635,3167.560859298204,18899.998111237368
1872,0.19492,4,88576.79913693709,1900.5365155789223,19165.9262033507
1873,0.19646,7,62003.75939585596,7121.0759031117195,19302.334474021583
1898,0.29309,4,71722.37948267123,4272.645541867032,25293.757744443144
1899,0.28159,4,77791.69379335987,2563.5873251202192,24468.950380392424
1900,0.29309,5,70012.52441402388,4843.584078509804,25363.554859016065
1909,0.37985,3,73837.91660450154,3390.508854956863,31437.84147717678
1910,0.37116,7,51686.54162315108,11612.2131930349,30796.189981883654
1922,0.37104,7,36180.57913620576,17365.545514191093,30789.987596888877
1952,0.38329,3,49772.54254317522,12155.881859933765,31233.199691307396
1953,0.38991,7,34840.779780222656,17977.9254788366,31562.693922943217
1954,0.38921,7,24388.54584615586,22046.03944831474,31538.305377097062
1959,0.38511,7,17071.982092309103,24863.721315558665,31438.312339127824
1964,0.39383,7,11950.387464616371,26880.758927782892,31587.18002297276
1970,0.43335,7,8365.27122523146,28434.369050120342,32059.459335574396
1973,0.45483,3,27120.214204006174,19904.05833508424,32239.145361492367
1989,0.3979,7,18984.14994280432,23141.398304616458,30695.191566858295
1990,0.37705,7,13288.904959963023,25288.790425396768,30299.372040550825
1995,0.39757,7,9302.233471974116,26873.771408876517,30572.060370329265
2000,0.40913,7,6511.563430381881,28015.51824299315,30679.594189265288
2012,0.42237,3,26410.361813074647,19610.862770095206,30765.807289083546
2013,0.4314,4,44593.82288873084,11766.517662057122,31004.292856255608
2027,0.43351,1,47308.06654217762,10589.86589585141,31098.38582255083
2029,0.42457,3,54790.836800922756,7412.906127095986,30675.45170766376
2036,0.41559,7,38353.58576064593,14244.063286924633,30183.429993191476
2044,0.44601,3,47934.57942912285,9970.844300847242,31350.146072030326
2045,0.43901,4,57019.424239808024,5982.506580508345,31014.604016026467
2046,0.43232,5,51317.481815827225,8447.570329243725,30633.14406786215
2071,0.41403,7,35922.23727107906,14821.663428105807,29694.547325450672
2073,0.40913,4,50413.14571397575,8892.998056863484,29518.528362822384
2074,0.40949,4,59100.047036951626,5335.79883411809,29536.677095279414
2090,0.40775,7,41370.03292586614,12565.212087913196,29433.843013435115
2103,0.39597,7,28959.023048106297,17479.59966920976,28946.504025568414
2104,0.40054,7,20271.31613367441,20959.37379671631,29078.846760898257
2115,0.39781,7,14189.921293572086,23378.613478057414,29023.506067853326
2120,0.38981,7,9932.94490550046,25038.025443891613,28909.986697504748
2127,0.36298,3,30626.668067017577,17526.61781072413,28643.48578569017
2128,0.36622,4,49769.934749038366,10515.970686434477,28742.716190227307
2129,0.35193,7,34838.954324326856,15770.630627303199,28031.50382266355
2133,0.31685,4,54748.22448661589,9462.37837638192,26809.353304966164
2134,0.26639,7,38323.75714063112,13837.6922326788,24046.757897371524
2139,0.3463,7,26826.629998441786,17819.147362018968,27109.20933047936
2144,0.31796,7,18778.64099890925,20378.085944310333,26348.942636323518
2158,0.3217,7,13145.048699236475,22190.412587115065,26419.174753659438
2167,0.33433,7,9201.534089465533,23508.847826599784,26585.196718730796
2173,0.31274,7,6441.0738626258735,24372.15415794162,26386.535597739236
2174,0.31539,7,4508.751703838112,24981.58924360169,26403.604443475193
2180,0.31485,7,3156.126192686678,25407.46338578772,26401.16971755512
2186,0.32561,7,2209.288334880675,25715.763260667933,26435.129635388428
2194,0.32091,3,26249.45217583415,18001.034282467554,26424.745980214488
2204,0.31893,7,18374.616523083907,20512.55561719919,26372.772064906338
2205,0.31682,7,12862.231566158734,22258.989419252222,26334.001624042634
2215,0.33893,7,9003.562096311114,23566.808262667677,26618.3855639704
2222,0.39213,4,33043.35324992617,14140.084957600606,27097.375067494155
2223,0.38796,4,47622.263403138466,8484.050974560363,26959.584284441964
2240,0.39181,7,33335.584382196925,14081.714681755468,27142.929998544045
2245,0.348,3,45474.99359060681,9857.200277228829,25682.498046759996
2246,0.35441,4,56600.18788786573,5914.3201663372965,25973.99275567579
2247,0.34442,4,63468.91811995132,3548.592099802378,25408.556878676012
2258,0.32768,7,44428.242683965924,9787.840626666073,24346.08718934803
2259,0.33559,7,31099.769878776147,14260.74281535971,24697.5145889782
2264,0.33204,7,21769.838915143304,17358.65309252436,24587.11040590854
2265,0.33185,7,15238.887240600314,19525.94940572145,24582.974136514666
2281,0.33807,4,38341.735059953055,11715.569643432871,24677.7600151512
2282,0.34367,7,26839.214541967136,15668.64086984909,24892.473731486934
2294,0.37582,7,18787.450179376996,18694.654952597717,25755.354479011177
2300,0.38549,7,13151.215125563896,20867.36720349213,25937.029122245756
2305,0.41525,7,9205.850587894727,22505.679827759253,26328.40928438254
2306,0.41144,7,6444.095411526308,23641.976377524275,26293.33499364266
2320,0.38261,3,24981.490966418452,16549.383464266994,26107.551722928358
2326,0.38474,7,17487.043676492918,19432.797114592944,26160.76229868683
2329,0.37177,4,38395.45168638392,11659.678268755766,25933.955342202717
2330,0.37155,7,26876.816180468748,15939.42729097855,25925.508342831716
2344,0.36278,7,18813.771326328126,18864.538703163686,25689.798664929003
2363,0.32642,4,41930.662084447955,11318.72322189821,25005.72993950371
2364,0.32169,4,56004.737401552266,6791.233933138926,24807.397907844275
2365,0.33397,8,33602.84244093136,14272.79479313749,25495.136083135334
2374,0.32767,7,23521.989708651952,17575.987807923484,25283.43817575747
2379,0.33108,7,16465.392796056367,19912.28591374563,25363.64816066397
2380,0.33231,7,11525.774957239457,21553.770317762875,25383.90059380312
2390,0.32759,7,8068.042470067619,22686.4889032355,25329.49893600495
2391,0.32562,7,5647.629729047334,23474.623699966523,25313.604892338917
2397,0.30014,3,29111.303714487316,16432.236589976565,25169.70328684279
2398,0.2914,4,51667.56533422179,9859.341953985939,24915.27049237817
2399,0.29469,4,65050.22773061928,5915.6051723915625,25085.256782327757
2403,0.25596,3,71983.66089094694,4140.923620674093,22565.861462320874
2404,0.25405,4,78503.51701481876,2484.554172404456,22428.372670019162
2405,0.26841,7,54952.46191037314,8805.892872988705,23555.683174351958
2426,0.25164,7,38466.723337261195,12954.364127526593,22634.130388115
2427,0.24883,7,26926.70633608284,15825.866557929803,22526.0388955373
2432,0.24674,7,18848.69443525799,17819.03521433933,22469.762079294884
2446,0.25135,3,40116.6895190129,12473.32465003753,22556.654560641422
